Hollywood,Well
Screen,Fair
Play,Tooth
Marble,Staff
Dinosaur,Bill
Cat,Shot
Pitch,King
Bond,Pan
Greece,Square
Deck,Buffalo
Spike,Scientist
Center,Chick
Vacuum,Atlantis
Unicorn,Spy
Undertaker,Mail
Sock,Nut
Loch Ness,Log
Horse,Pirate
Berlin,Face
Platypus,Stick
Port,Disease
Chest,Yard
Box,Mount
Compound,Slug
Ship,Dice
Watch,Lead
Space,Hook
Flute,Carrot
Tower,Poison
Death,Stock
Foot,New York
Torch,State
Arm,Bermuda
Figure,Park
Mine,Turkey
Suit,Chocolate
Crane,Trip
Beijing,Racket
Mass,Bat
Microscope,Jet
Engine,Shakespeare
China,Bolt
Straw,Switch
Pants,Wall
Europe,Soul
Boot,Ghost
Princess,Time
Link,Dance
Luck,Amazon
Olive,Grace
Palm,Moscow
Teacher,Pumpkin
Thumb,Antactica
Octopus,Whip
Hood,Heart
Tie,Table
Doctor,Ball
Wake,Fighter
Cricket,Cold
Millionarie,Day
Spring,Court
Match,Iron
Diamond,Whale
Centaur,Shadow
March,Contract
Roulette,Mercury
Dog,Conductor
Cross,Seal
Wave,Car
Duck,Ring
Wind,Kid
Spot,Piano
Skyscraper,Laser
Paper,Sound
Apple,Pole
Oil,Superhero
Cook,Revolution
Fly,Pit
Cast,Gas
Bear,Glass
Pin,Washington
Thief,Bark
Trunk,Snow
America,Ivory
Novel,Pipe
Cell,Cover
Bow,Degree
Model,Tokyo
Knife,Church
Knight,Pie
Tube,Point
Block,France
Comic,Mammoth
Fish,Cotton
Bridge,Robin
Moon,Net
Part,Bugle
Aztec,Maple
Smuggler,England
Train,Field
Embassy,Robot
Pupil,Plot
Scuba Diver,Africa
Ice,Tag
Tap,Mouth
Code,Kiwi
Shoe,Mole
Server,School
Club,Sink
Row,Pistol
Pyramid,Opera
Bug,Mint
Penguin,Root
Pound,Sub
Himalayas,Crown
Czech,Back
Rome,Plane
Eye,Mexico
Board,Cloak
Bed,Circle
Tablet,Slip
Australia,Limousine
Green,Pass
Egypt,Theater
Line,Plate
Lawyer,Satellite
Witch,Ketchup
Parachute,Hotel
Crash,Tail
Gold,Tick
Note,Ground
Lion,Police
Plastic,Dwarf
Web,Fan
Ambulance,Dress
Hospital,Saturn
Spell,Grass
Lock,Brush
Water,Chair
London,Rock
Casino,Pilot
Cycle,Telescope
Bar,File
Cliff,Lab
Round,India
Bomb,Ruler
Giant,Nail
Hand,Swing
Ninja,Olympus
Rose,Change
Date,Drill
Stream,Glove
Missile,Paste
Scale,Fall
Band,Fire
Angel,Spider
Press,Spine
Berry,Soldier
Card,Horn
Check,Queen
Draft,Ham
Head,Litter
Lap,Life
Orange,Temple
Ice Cream,Rabbit
Film,Button
Washer,Game
Pool,Star
Shark,Jupiter
Van,Vet
String,Night
Calf,Air
Hawk,Battery
Eagle,Genious
Needle,Shop
Forest,Bottle
Dragon,Stadium
Key,Alien
Belt,Light
Cap,Triangle
Lemon,Bell
Nurse,Leprechaun
Drop,Pheonix
Track,Force
Bank,Boom
Germany,Fork
Worm,Alps
Ray,Post
Capital,Fence
Strike,Kangaroo
War,Mouse
Concert,Mug
Honey,Horseshoe
Canada,Scorpion
Buck,Agent
Snowman,Helicopter
Beat,Hole
Jam,Organ
Copper,Jack
Beach,Charge
